,Country,Region_x,Happiness_Rank_15,Happiness_Score_15,Economy_15,Family_15,Life_Expectancy_15,Freedom_15,Trust_15,Generosity_15,Dystopia_15,Region_y,Happiness_Rank_16,Happiness_Score_16,Economy_16,Family_16,Life_Expectancy_16,Freedom_16,Trust_16,Generosity_16,Dystopia_16,Region,Happiness_Rank_17,Happiness_Score_17,Economy_17,Family_17,Life_Expectancy_17,Freedom_17,Generosity_17,Trust_17,Dystopia_17
0,Afghanistan,Southern Asia,153,3.575,0.31982,0.30285,0.30335,0.23414000000000001,0.09719,0.3651,1.9521,Southern Asia,154,3.36,0.38227,0.11037000000000001,0.17344,0.1643,0.07112,0.31268,2.14558,Southern Asia,141,3.79399991,0.40147721799999997,0.581543326,0.180746779,0.10617952,0.311870933,0.06115783,2.150801182
1,Albania,Central and Eastern Europe,95,4.959,0.8786700000000001,0.8043399999999999,0.81325,0.35733000000000004,0.06412999999999999,0.14272,1.89894,Central and Eastern Europe,109,4.655,0.9553,0.50163,0.73007,0.31866,0.05301,0.1684,1.9281599999999999,Central and Eastern Europe,109,4.644000053,0.996192753,0.803685248,0.7311597470000001,0.381498635,0.201312944,0.039864216,1.490441561
2,Algeria,Middle East and Northern Africa,68,5.605,0.93929,1.07772,0.61766,0.28579,0.17382999999999998,0.07822,2.43209,Middle East and Northern Africa,38,6.355,1.05266,0.83309,0.6180399999999999,0.21006,0.16157,0.07044,3.40904,Middle East and Northern Africa,53,5.872000217,1.091864467,1.146217465,0.6175846460000001,0.233335808,0.069436647,0.14609611,2.5676038269999997
3,Angola,Sub-Saharan Africa,137,4.033,0.75778,0.8604,0.16683,0.10384000000000002,0.07122,0.12344000000000001,1.9493900000000002,Sub-Saharan Africa,141,3.866,0.84731,0.66366,0.04991,0.00589,0.08434,0.12070999999999998,2.09459,Sub-Saharan Africa,140,3.7950000760000004,0.85842818,1.10441196,0.049868666,0.0,0.09792649,0.069720335,1.614482403
4,Argentina,Latin America and Caribbean,30,6.574,1.05351,1.24823,0.78723,0.44974,0.08484,0.11450999999999999,2.8360000000000003,Latin America and Caribbean,26,6.65,1.15137,1.0661200000000002,0.69711,0.42283999999999994,0.07296,0.10989000000000002,3.12985,Latin America and Caribbean,24,6.598999977,1.1852954629999999,1.440451145,0.6951370840000001,0.494519204,0.109457061,0.059739888,2.614005327
5,Armenia,Central and Eastern Europe,127,4.35,0.7682100000000001,0.7771100000000001,0.7299,0.19847,0.039,0.07855,1.75873,Central and Eastern Europe,121,4.36,0.8608600000000001,0.6247699999999999,0.64083,0.14037,0.036160000000000005,0.07793,1.9786400000000002,Central and Eastern Europe,121,4.375999928,0.900596738,1.0074837209999998,0.637524426,0.198303267,0.083488092,0.026674422000000003,1.5214991569999998
6,Australia,Australia and New Zealand,10,7.284,1.33358,1.30923,0.93156,0.6512399999999999,0.35636999999999996,0.43562,2.26646,Australia and New Zealand,9,7.313,1.4444299999999999,1.10476,0.8512,0.5683699999999999,0.32331,0.47407,2.5465,Australia and New Zealand,10,7.28399992,1.484414935,1.510041952,0.843886793,0.6016073820000001,0.47769925,0.30118373,2.0652108190000003
7,Austria,Western Europe,13,7.2,1.33723,1.29704,0.8904200000000001,0.62433,0.18675999999999998,0.33088,2.5332,Western Europe,12,7.119,1.45038,1.0838299999999998,0.80565,0.54355,0.21348000000000003,0.32865,2.6934299999999998,Western Europe,13,7.006000042,1.4870972630000001,1.459944963,0.8153284190000001,0.56776619,0.316472322,0.221060365,2.138506413
8,Azerbaijan,Central and Eastern Europe,80,5.212000000000001,1.02389,0.9379299999999999,0.64045,0.3703,0.16065,0.07799,2.00073,Central and Eastern Europe,81,5.291,1.12373,0.76042,0.54504,0.35327,0.17914000000000002,0.0564,2.2735,Central and Eastern Europe,85,5.234000206,1.153601766,1.152400255,0.540775776,0.398155838,0.04526934,0.180987507,1.7624816890000001
9,Bahrain,Middle East and Northern Africa,49,5.96,1.32376,1.21624,0.74716,0.45492,0.306,0.17362,1.73797,Middle East and Northern Africa,42,6.218,1.44024,0.9439700000000001,0.65696,0.47375,0.25772,0.17147,2.27405,Middle East and Northern Africa,41,6.086999893,1.488412261,1.323110461,0.653133035,0.5367469189999999,0.17266848699999998,0.25704217,1.656149387
10,Bangladesh,Southern Asia,109,4.694,0.39753,0.43106000000000005,0.60164,0.4082,0.12569,0.21222,2.51767,Southern Asia,110,4.643,0.54177,0.24749000000000002,0.52989,0.39778,0.12583,0.19132000000000002,2.6090400000000002,Southern Asia,110,4.607999802,0.586682975,0.7351317409999999,0.533241034,0.47835665899999996,0.172255352,0.123717859,1.978736162
11,Belarus,Central and Eastern Europe,59,5.813,1.0319200000000002,1.23289,0.7360800000000001,0.37938,0.1909,0.11045999999999999,2.1309,Central and Eastern Europe,61,5.8020000000000005,1.1306200000000002,1.04993,0.6310399999999999,0.29091,0.17457,0.13942000000000002,2.3858200000000003,Central and Eastern Europe,67,5.568999767,1.15655756,1.444945216,0.637714267,0.29540026199999997,0.155137509,0.156313822,1.723232985
12,Belgium,Western Europe,19,6.937,1.30782,1.28566,0.8966700000000001,0.5845,0.2254,0.2225,2.4148400000000003,Western Europe,18,6.928999999999999,1.42539,1.05249,0.8195899999999999,0.51354,0.26248,0.2424,2.61355,Western Europe,17,6.890999794,1.463780761,1.462312698,0.8180918690000001,0.539770722,0.231503338,0.251343131,2.124210358
13,Benin,Sub-Saharan Africa,155,3.34,0.28665,0.35386,0.3191,0.4845,0.0801,0.1826,1.6332799999999998,Sub-Saharan Africa,153,3.484,0.39499,0.10419,0.21028000000000002,0.39747,0.06681000000000001,0.2018,2.10812,Sub-Saharan Africa,143,3.657000065,0.43108540799999995,0.435299844,0.209930211,0.425962776,0.207948461,0.060929015,1.885630965
14,Bhutan,Southern Asia,79,5.252999999999999,0.77042,1.10395,0.57407,0.5320600000000001,0.15445,0.47998,1.63794,Southern Asia,84,5.196000000000001,0.8527,0.9083600000000001,0.49759,0.46074,0.1616,0.48546000000000006,1.82916,Southern Asia,97,5.011000156000001,0.8854163890000001,1.340126514,0.495879292,0.5015376810000001,0.474054545,0.17338039,1.140184402
15,Bolivia,Latin America and Caribbean,51,5.89,0.68133,0.97841,0.5392,0.57414,0.08800000000000001,0.20536,2.82334,Latin America and Caribbean,59,5.822,0.79422,0.8377899999999999,0.4697,0.50961,0.07746,0.21698,2.91635,Latin America and Caribbean,58,5.822999954,0.8337565659999999,1.227619052,0.47363025,0.558732927,0.225560725,0.060477725999999996,2.443279028
16,Bosnia and Herzegovina,Central and Eastern Europe,96,4.949,0.8322299999999999,0.9191600000000001,0.79081,0.09245,0.00227,0.24808000000000002,2.06367,Central and Eastern Europe,87,5.162999999999999,0.9338299999999999,0.64367,0.7076600000000001,0.09511,0.0,0.29889,2.48406,Central and Eastern Europe,90,5.18200016,0.9824094179999999,1.069335938,0.7051863070000001,0.204403177,0.328867495,0.0,1.892172575
17,Botswana,Sub-Saharan Africa,128,4.332,0.99355,1.10464,0.047760000000000004,0.49495,0.12474,0.10461,1.46181,Sub-Saharan Africa,137,3.9739999999999998,1.09426,0.89186,0.34752,0.44088999999999995,0.10769000000000001,0.12425,0.96741,Sub-Saharan Africa,142,3.766000032,1.122094154,1.221554995,0.34175550899999996,0.505196333,0.099348448,0.09858319900000001,0.377913713
18,Brazil,Latin America and Caribbean,16,6.983,0.98124,1.2328700000000001,0.69702,0.49049,0.17521,0.14574,3.26001,Latin America and Caribbean,17,6.952000000000001,1.08754,1.03938,0.61415,0.40425,0.14165999999999998,0.15775999999999998,3.5073300000000005,Latin America and Caribbean,22,6.635000229,1.10735321,1.431306005,0.616552353,0.437453747,0.162349895,0.111092761,2.769267082
19,Bulgaria,Central and Eastern Europe,134,4.218,1.01216,1.10614,0.76649,0.30587,0.00872,0.11921,0.89991,Central and Eastern Europe,129,4.217,1.11306,0.92542,0.67806,0.21219000000000002,0.00615,0.12793,1.15377,Central and Eastern Europe,105,4.714000225,1.161459088,1.4343794580000002,0.70821768,0.289231718,0.11317769400000001,0.011051531000000002,0.996139288
20,Burkina Faso,Sub-Saharan Africa,152,3.5869999999999997,0.25811999999999996,0.85188,0.27125,0.39493,0.12832000000000002,0.21746999999999997,1.46494,Sub-Saharan Africa,145,3.739,0.31995,0.63054,0.21297,0.3337,0.12533,0.24353000000000002,1.8731900000000001,Sub-Saharan Africa,134,4.032000065,0.35022771399999997,1.043280005,0.21584425899999998,0.32436785100000004,0.250864685,0.12032810599999999,1.7272129059999999
21,Burundi,Sub-Saharan Africa,157,2.905,0.0153,0.41586999999999996,0.22396,0.1185,0.10062,0.19727,1.83302,Sub-Saharan Africa,157,2.905,0.06831,0.23442,0.15747,0.0432,0.09419,0.2029,2.1040400000000004,Sub-Saharan Africa,154,2.904999971,0.091622569,0.629793584,0.151610792,0.059900753,0.204435185,0.084147945,1.6830241680000002
22,Cambodia,Southeastern Asia,145,3.819,0.46038,0.62736,0.61114,0.66246,0.07247,0.40359,0.98195,Southeastern Asia,140,3.907,0.55604,0.5375,0.42494,0.5885199999999999,0.08092,0.40339,1.3157299999999998,Southeastern Asia,129,4.168000221000001,0.601765096,1.006238341,0.429783404,0.633375823,0.385922968,0.068105951,1.042941093
23,Cameroon,Sub-Saharan Africa,133,4.252,0.4225,0.8876700000000001,0.23401999999999998,0.49309,0.05786,0.20618000000000003,1.95071,Sub-Saharan Africa,114,4.513,0.5249699999999999,0.62542,0.12697999999999998,0.42736,0.06126,0.2268,2.5198,Sub-Saharan Africa,107,4.695000172,0.564305365,0.946018219,0.132892117,0.43038874899999996,0.236298457,0.051306631,2.333645582
24,Canada,North America,5,7.4270000000000005,1.32629,1.32261,0.9056299999999999,0.63297,0.32957,0.45811,2.4517599999999997,North America,6,7.404,1.44015,1.0961,0.8276,0.5737,0.31329,0.44833999999999996,2.70485,North America,7,7.315999985,1.479204416,1.481348991,0.834557652,0.611100912,0.435539722,0.287371516,2.187264442
25,Chad,Sub-Saharan Africa,149,3.667,0.34193,0.76062,0.1501,0.23501,0.05269,0.18386,1.9429599999999998,Sub-Saharan Africa,144,3.763,0.42213999999999996,0.63178,0.038239999999999996,0.12807000000000002,0.04952,0.18667,2.3063700000000003,Sub-Saharan Africa,137,3.9360001089999996,0.438012987,0.953855872,0.041134715,0.162342027,0.21611385,0.053581882000000004,2.071238041
26,Chile,Latin America and Caribbean,27,6.67,1.10715,1.12447,0.85857,0.44132,0.12869,0.33363000000000004,2.67585,Latin America and Caribbean,24,6.705,1.2167,0.9058700000000001,0.8188300000000001,0.37789,0.11450999999999999,0.31595,2.95505,Latin America and Caribbean,20,6.65199995,1.25278461,1.2840249540000002,0.819479704,0.37689527899999997,0.32666242100000004,0.082287982,2.509585857
27,China,Eastern Asia,84,5.14,0.89012,0.94675,0.81658,0.5169699999999999,0.02781,0.08185,1.8604,Eastern Asia,83,5.245,1.0278,0.79381,0.73561,0.44011999999999996,0.02745,0.049589999999999995,2.17087,Eastern Asia,79,5.2729997630000005,1.0811657909999999,1.160837412,0.741415501,0.472787708,0.028806841,0.022794275,1.7649385930000001
28,Colombia,Latin America and Caribbean,33,6.477,0.91861,1.2401799999999998,0.69077,0.53466,0.0512,0.18400999999999998,2.85737,Latin America and Caribbean,31,6.481,1.0303200000000001,1.02169,0.59659,0.44735,0.053989999999999996,0.15625999999999998,3.1747099999999997,Latin America and Caribbean,36,6.3569998739999996,1.070622325,1.4021829369999999,0.5950279239999999,0.477487415,0.149014473,0.046668742,2.616068125
29,Congo (Brazzaville),Sub-Saharan Africa,139,3.989,0.67866,0.6629,0.31051,0.41466000000000003,0.11685999999999999,0.12387999999999999,1.68135,Sub-Saharan Africa,127,4.236000000000001,0.7710899999999999,0.47798999999999997,0.28212,0.37938,0.09752999999999999,0.12077,2.10681,Sub-Saharan Africa,124,4.290999889,0.808964252,0.832044363,0.28995743399999996,0.435025871,0.120852128,0.07961813400000001,1.7241356369999998
30,Congo (Kinshasa),Sub-Saharan Africa,120,4.5169999999999995,0.0,1.0012,0.09806000000000001,0.22605,0.07625,0.24834,2.86712,Sub-Saharan Africa,125,4.272,0.05661,0.80676,0.188,0.15602,0.06075,0.25458000000000003,2.7492400000000004,Sub-Saharan Africa,126,4.28000021,0.092102349,1.229023457,0.191407025,0.23596134800000002,0.246455833,0.060241355999999996,2.2249586580000003
31,Costa Rica,Latin America and Caribbean,12,7.226,0.95578,1.2378799999999999,0.8602700000000001,0.63376,0.10583,0.25497,3.17728,Latin America and Caribbean,14,7.087000000000001,1.06879,1.02152,0.76146,0.55225,0.10547000000000001,0.22553,3.3516800000000004,Latin America and Caribbean,12,7.078999996,1.109706283,1.416403651,0.759509265,0.58013165,0.214613229,0.10010658900000001,2.898639202
32,Croatia,Central and Eastern Europe,62,5.7589999999999995,1.08254,0.79624,0.78805,0.25883,0.0243,0.054439999999999995,2.75414,Central and Eastern Europe,74,5.4879999999999995,1.18649,0.6080899999999999,0.70524,0.23906999999999998,0.04002,0.18434,2.52462,Central and Eastern Europe,77,5.293000221000001,1.222556233,0.9679830070000001,0.7012885209999999,0.255772293,0.248002976,0.04310311,1.854492426
33,Cyprus,Western Europe,67,5.689,1.20813,0.89318,0.92356,0.40671999999999997,0.06146,0.30638000000000004,1.8893099999999998,Western Europe,69,5.546,1.31857,0.70697,0.8488,0.29507,0.05227999999999999,0.27906,2.04497,Western Europe,65,5.620999812999999,1.3559380769999998,1.131363273,0.8447147009999999,0.355111539,0.27125430100000003,0.041237976,1.621249199
34,Czech Republic,Central and Eastern Europe,31,6.505,1.17898,1.20643,0.84483,0.46363999999999994,0.02652,0.10686,2.67782,Central and Eastern Europe,27,6.596,1.30915,1.00793,0.76376,0.41418,0.03986,0.09929,2.96211,Central and Eastern Europe,23,6.609000206,1.352682352,1.4338852169999998,0.7544440029999999,0.49094617399999996,0.088106759,0.036872927,2.451861858
35,Denmark,Western Europe,3,7.527,1.32548,1.36058,0.87464,0.6493800000000001,0.48357,0.34139,2.4920400000000003,Western Europe,1,7.526,1.4417799999999998,1.16374,0.79504,0.5794100000000001,0.44453000000000004,0.36171,2.73939,Western Europe,2,7.521999836,1.4823830130000002,1.5511215930000002,0.792565525,0.6260067220000001,0.355280489,0.400770068,2.3137073519999998
36,Dominican Republic,Latin America and Caribbean,98,4.885,0.8953700000000001,1.17202,0.66825,0.57672,0.14234000000000002,0.21684,1.21305,Latin America and Caribbean,89,5.155,1.02787,0.9949600000000001,0.5766899999999999,0.52259,0.12372000000000001,0.21286,1.6962599999999999,Latin America and Caribbean,86,5.230000018999999,1.0793738370000001,1.402416706,0.574873745,0.552589834,0.18696785,0.11394525300000001,1.31946516
37,Ecuador,Latin America and Caribbean,48,5.975,0.8640200000000001,0.99903,0.79075,0.48573999999999995,0.1809,0.11540999999999998,2.5394200000000002,Latin America and Caribbean,51,5.976,0.97306,0.85974,0.68613,0.4027,0.18037,0.10074,2.77366,Latin America and Caribbean,44,6.007999897,1.0008203979999999,1.286168814,0.6856362220000001,0.45519819899999997,0.150112465,0.140134647,2.290352583
38,Egypt,Middle East and Northern Africa,135,4.194,0.8818,0.747,0.61712,0.17288,0.06324,0.11291,1.59927,Middle East and Northern Africa,120,4.362,0.95395,0.49813,0.5211600000000001,0.18847,0.10393,0.12705999999999998,1.96895,Middle East and Northern Africa,104,4.735000134,0.989701807,0.997471392,0.520187259,0.282110155,0.128631443,0.114381365,1.7021610740000002
39,El Salvador,Latin America and Caribbean,42,6.13,0.76454,1.0250700000000001,0.67737,0.4035,0.11775999999999999,0.10692,3.035,Latin America and Caribbean,46,6.068,0.8737,0.80975,0.596,0.37269,0.10613,0.08877,3.22134,Latin America and Caribbean,45,6.002999783,0.9097844959999999,1.182125092,0.596018553,0.43245253,0.078257985,0.08998096,2.714593887
40,Estonia,Central and Eastern Europe,73,5.428999999999999,1.15174,1.22791,0.77361,0.44888,0.15184,0.0868,1.58782,Central and Eastern Europe,72,5.517,1.2796399999999999,1.0516299999999998,0.68098,0.41511000000000003,0.18519000000000002,0.08423,1.81985,Central and Eastern Europe,66,5.611000061,1.32087934,1.4766711000000001,0.695168316,0.47913143,0.098890811,0.18324892199999998,1.357508659
41,Ethiopia,Sub-Saharan Africa,122,4.512,0.19072999999999998,0.60406,0.44055,0.4345,0.15048,0.24325,2.44876,Sub-Saharan Africa,115,4.508,0.29283000000000003,0.37932,0.34578000000000003,0.36703,0.1717,0.29522,2.65614,Sub-Saharan Africa,119,4.460000038,0.339233845,0.864669204,0.353409708,0.40884274200000004,0.31265074,0.165455714,2.015743732
42,Finland,Western Europe,6,7.406000000000001,1.29025,1.31826,0.8891100000000001,0.64169,0.41372,0.23351,2.61955,Western Europe,5,7.412999999999999,1.40598,1.1346399999999999,0.81091,0.57104,0.41003999999999996,0.25492,2.82596,Western Europe,5,7.468999863,1.443571925,1.540246725,0.80915767,0.6179508570000001,0.24548277300000002,0.38261154299999994,2.430181503
43,France,Western Europe,29,6.575,1.27778,1.2603799999999998,0.9457899999999999,0.55011,0.20646,0.12332,2.21126,Western Europe,32,6.478,1.39488,1.00508,0.83795,0.46562,0.17808,0.1216,2.4744,Western Europe,31,6.441999912000001,1.430923462,1.3877768519999998,0.844465852,0.470222116,0.129762307,0.172502428,2.0059547419999997
44,Gabon,Sub-Saharan Africa,143,3.8960000000000004,1.06024,0.90528,0.43372,0.31914000000000003,0.11091,0.06822,0.99895,Sub-Saharan Africa,134,4.121,1.15851,0.72368,0.3494,0.28098,0.09314,0.062439999999999996,1.4533200000000002,Sub-Saharan Africa,118,4.465000153,1.198210239,1.155620217,0.356578588,0.312328577,0.043785378,0.076046787,1.322916269
45,Georgia,Central and Eastern Europe,130,4.297,0.7419,0.38561999999999996,0.72926,0.40576999999999996,0.38331,0.055470000000000005,1.59541,Central and Eastern Europe,126,4.252,0.8379200000000001,0.19249000000000002,0.64035,0.32461,0.3188,0.06786,1.87031,Central and Eastern Europe,125,4.285999775,0.9506126640000001,0.570614934,0.649546981,0.309410036,0.054008815,0.251666635,1.500137806
46,Germany,Western Europe,26,6.75,1.32792,1.2993700000000001,0.89186,0.6147699999999999,0.21843,0.28214,2.1156900000000003,Western Europe,16,6.994,1.44787,1.09774,0.81487,0.53466,0.28551,0.30451999999999996,2.5093099999999997,Western Europe,16,6.951000214,1.4879233840000001,1.472520351,0.798950732,0.562511384,0.33626917,0.276731938,2.015769958
47,Ghana,Sub-Saharan Africa,114,4.633,0.5455800000000001,0.6795399999999999,0.40131999999999995,0.42341999999999996,0.04355,0.23087,2.30919,Sub-Saharan Africa,124,4.276,0.63107,0.49353,0.29681,0.40973000000000004,0.0326,0.21203000000000002,2.2002,Sub-Saharan Africa,131,4.1199998860000004,0.6672248239999999,0.873664737,0.295637727,0.42302629399999997,0.25692394399999996,0.02533637,1.5778675080000002
48,Greece,Western Europe,102,4.857,1.15406,0.9293299999999999,0.88213,0.07699,0.013969999999999998,0.0,1.8010099999999998,Western Europe,99,5.033,1.24886,0.75473,0.80029,0.05822000000000001,0.04127,0.0,2.12944,Western Europe,87,5.2270002369999995,1.2894874809999999,1.239414573,0.810198903,0.09573125099999999,0.0,0.043289777,1.749221563
49,Guatemala,Latin America and Caribbean,43,6.122999999999999,0.74553,1.04356,0.64425,0.57733,0.09472,0.27489,2.74255,Latin America and Caribbean,39,6.324,0.83454,0.8711899999999999,0.5403899999999999,0.50379,0.08701,0.28808,3.19863,Latin America and Caribbean,29,6.453999996,0.8720019459999999,1.255585194,0.54023999,0.531310618,0.283488393,0.077223279,2.8938910960000004
50,Guinea,Sub-Saharan Africa,150,3.656,0.17417,0.46475,0.24009,0.37725,0.12139000000000001,0.28657,1.9917200000000002,Sub-Saharan Africa,151,3.6069999999999998,0.22415,0.3109,0.18829,0.30953,0.1192,0.29914,2.15604,Sub-Saharan Africa,149,3.5069999689999998,0.24454993,0.791244686,0.19412913899999998,0.34858751299999996,0.264815092,0.110937618,1.5523118969999998
51,Haiti,Latin America and Caribbean,119,4.518,0.26673,0.74302,0.38847,0.24425,0.17175,0.46187,2.24173,Latin America and Caribbean,136,4.0280000000000005,0.34097,0.29561,0.27494,0.12072000000000001,0.14476,0.47958,2.3711599999999997,Latin America and Caribbean,145,3.6029999260000003,0.368610263,0.640449822,0.27732113,0.030369857000000004,0.489203781,0.09987215,1.697167635
52,Honduras,Latin America and Caribbean,105,4.788,0.59532,0.9534799999999999,0.6951,0.40148,0.06825,0.23026999999999997,1.84408,Latin America and Caribbean,104,4.871,0.69429,0.7559600000000001,0.5838300000000001,0.26755,0.06906,0.2044,2.2955099999999997,Latin America and Caribbean,91,5.181000233,0.730573118,1.143944979,0.58256948,0.34807986,0.236188874,0.073345453,2.0658111569999997
53,Hungary,Central and Eastern Europe,104,4.8,1.12094,1.20215,0.75905,0.32111999999999996,0.02758,0.128,1.24074,Central and Eastern Europe,91,5.145,1.24142,0.9316399999999999,0.67608,0.1977,0.044719999999999996,0.099,1.9547299999999999,Central and Eastern Europe,75,5.323999882,1.286011934,1.343133092,0.687763453,0.175863519,0.078401662,0.036636937,1.716459274
54,Iceland,Western Europe,2,7.561,1.3023200000000001,1.4022299999999999,0.94784,0.6287699999999999,0.14145,0.4363,2.70201,Western Europe,3,7.501,1.42666,1.18326,0.8673299999999999,0.56624,0.14975,0.47678000000000004,2.83137,Western Europe,3,7.504000187000001,1.48063302,1.6105740069999999,0.8335521220000001,0.627162635,0.47554022100000004,0.153526559,2.322715282
55,India,Southern Asia,117,4.565,0.64499,0.38174,0.5152899999999999,0.39786,0.08492000000000001,0.26475,2.27513,Southern Asia,118,4.404,0.74036,0.29247,0.45091000000000003,0.40285,0.08722,0.25028,2.18032,Southern Asia,122,4.315000057,0.7922212479999999,0.754372597,0.455427617,0.469987005,0.231538489,0.092226885,1.519117117
56,Indonesia,Southeastern Asia,74,5.399,0.8282700000000001,1.0870799999999998,0.63793,0.46611,0.0,0.51535,1.86399,Southeastern Asia,79,5.314,0.95104,0.87625,0.49373999999999996,0.39237,0.00322,0.56521,2.03171,Southeastern Asia,81,5.262000083999999,0.995538592,1.274444699,0.492345721,0.443323463,0.6117045879999999,0.015317135,1.429476976
57,Iran,Middle East and Northern Africa,110,4.686,1.0088,0.54447,0.69805,0.30033000000000004,0.058629999999999995,0.38086,1.6944,Middle East and Northern Africa,105,4.813,1.11758,0.38856999999999997,0.64232,0.22544,0.0557,0.38538,1.99817,Middle East and Northern Africa,108,4.691999912,1.156873107,0.7115512490000001,0.639333189,0.249322608,0.38724291299999997,0.048761072999999995,1.4987349509999999
58,Iraq,Middle East and Northern Africa,112,4.677,0.98549,0.81889,0.60237,0.0,0.13788,0.17922000000000002,1.95335,Middle East and Northern Africa,112,4.575,1.07474,0.59205,0.51076,0.24856,0.13635999999999998,0.19589,1.81657,Middle East and Northern Africa,117,4.497000217,1.102710485,0.978613198,0.50118047,0.28855553300000003,0.19963726399999998,0.107215755,1.3189072609999999
59,Ireland,Western Europe,18,6.94,1.33596,1.36948,0.89533,0.6177699999999999,0.28703,0.45901000000000003,1.9757,Western Europe,19,6.907,1.4834100000000001,1.16157,0.81455,0.54008,0.29754,0.44963000000000003,2.15988,Western Europe,15,6.977000237,1.535706639,1.558231115,0.809782624,0.573110342,0.427858323,0.298388153,1.7738690380000002
60,Israel,Middle East and Northern Africa,11,7.278,1.2285700000000002,1.22393,0.9138700000000001,0.41318999999999995,0.07785,0.33171999999999996,3.08854,Middle East and Northern Africa,11,7.267,1.33766,0.9953700000000001,0.8491700000000001,0.36432,0.08728,0.32288,3.31029,Middle East and Northern Africa,11,7.212999821,1.375382423,1.3762899640000001,0.838404,0.405988604,0.330082655,0.0852421,2.801757336
61,Italy,Western Europe,50,5.9479999999999995,1.25114,1.19777,0.9544600000000001,0.26236,0.02901,0.22823000000000002,2.0251799999999998,Western Europe,50,5.977,1.35495,1.04167,0.8510200000000001,0.18827,0.02556,0.16684000000000002,2.34918,Western Europe,48,5.964000225,1.395066619,1.444923282,0.8531443479999999,0.256450713,0.17278964800000002,0.028028091,1.813312054
62,Ivory Coast,Sub-Saharan Africa,151,3.655,0.46534,0.77115,0.15185,0.46866,0.17922000000000002,0.20165,1.41723,Sub-Saharan Africa,139,3.9160000000000004,0.55507,0.57576,0.04476,0.40663,0.1553,0.20338,1.97478,Sub-Saharan Africa,128,4.179999828,0.603048921,0.90478003,0.04864217,0.447706193,0.20123747,0.130061775,1.8449642659999999
63,Jamaica,Latin America and Caribbean,65,5.709,0.81038,1.1510200000000002,0.6874100000000001,0.50442,0.02299,0.2123,2.32038,Latin America and Caribbean,73,5.51,0.89333,0.96372,0.5946899999999999,0.43596999999999997,0.04294,0.22245,2.35682,Latin America and Caribbean,76,5.31099987,0.9255793090000001,1.3682180640000001,0.641022384,0.474307239,0.233818337,0.055267780999999995,1.6123256680000002
64,Japan,Eastern Asia,46,5.987,1.27074,1.25712,0.99111,0.49615,0.1806,0.10705,1.68435,Eastern Asia,53,5.921,1.3800700000000001,1.06054,0.91491,0.46761,0.18985,0.10224,1.8058400000000001,Eastern Asia,51,5.920000076,1.4169151780000002,1.436337829,0.9134758709999999,0.505625546,0.12057276800000001,0.163760737,1.363223553
65,Jordan,Middle East and Northern Africa,82,5.192,0.9019799999999999,1.05392,0.69639,0.40660999999999997,0.14293,0.11052999999999999,1.8799599999999999,Middle East and Northern Africa,80,5.303,0.9967299999999999,0.86216,0.60712,0.36023,0.13297,0.14262,2.20142,Middle East and Northern Africa,74,5.335999966,0.9910123940000001,1.239088893,0.604590058,0.418421149,0.17217046,0.11980327199999999,1.791176558
66,Kazakhstan,Central and Eastern Europe,54,5.855,1.1225399999999999,1.1224100000000001,0.64368,0.51649,0.08454,0.11827,2.24729,Central and Eastern Europe,54,5.919,1.22943,0.95544,0.57386,0.4052,0.11132,0.15011,2.49325,Central and Eastern Europe,60,5.818999767,1.28455627,1.384369016,0.606041551,0.43745428299999994,0.201964423,0.11928288599999999,1.784892559
67,Kenya,Sub-Saharan Africa,125,4.419,0.36471,0.99876,0.41435,0.42215,0.05839,0.37542,1.78555,Sub-Saharan Africa,122,4.356,0.52267,0.7624,0.30146999999999996,0.40576,0.06686,0.41328000000000004,1.88326,Sub-Saharan Africa,112,4.552999973,0.560479462,1.0679507259999999,0.30998835,0.452763766,0.444860309,0.064641319,1.651902199
68,Kosovo,Central and Eastern Europe,69,5.5889999999999995,0.80148,0.81198,0.63132,0.24749000000000002,0.04741,0.2831,2.76579,Central and Eastern Europe,77,5.401,0.90145,0.66062,0.54,0.14396,0.06547,0.27992,2.80998,Central and Eastern Europe,78,5.278999805,0.9514843820000001,1.1378535029999999,0.54145205,0.260287941,0.319931448,0.057471617999999995,2.010540724
69,Kuwait,Middle East and Northern Africa,39,6.295,1.5542200000000002,1.16594,0.72492,0.55499,0.25609,0.16228,1.8763400000000001,Middle East and Northern Africa,41,6.239,1.61714,0.8775799999999999,0.63569,0.43166000000000004,0.23669,0.15965,2.28085,Middle East and Northern Africa,39,6.105000018999999,1.6329524519999998,1.259698749,0.632105708,0.49633759299999997,0.22828979800000002,0.21515955,1.640425205
70,Kyrgyzstan,Central and Eastern Europe,77,5.2860000000000005,0.47428000000000003,1.15115,0.65088,0.43477,0.042319999999999997,0.3003,2.2327,Central and Eastern Europe,85,5.185,0.5604399999999999,0.95434,0.5544899999999999,0.40212,0.047619999999999996,0.38432,2.28136,Central and Eastern Europe,98,5.004000187,0.596220076,1.394238591,0.5534577970000001,0.454943389,0.428580374,0.039439179,1.5367231369999999
71,Latvia,Central and Eastern Europe,89,5.098,1.11312,1.09562,0.72437,0.29671,0.06332,0.18225999999999998,1.62215,Central and Eastern Europe,68,5.56,1.2178799999999999,0.95025,0.63952,0.27996,0.0889,0.17445,2.20859,Central and Eastern Europe,54,5.849999905,1.260748625,1.4047149419999998,0.638566971,0.325707912,0.153074786,0.073842727,1.993655205
72,Lebanon,Middle East and Northern Africa,103,4.8389999999999995,1.0256399999999999,0.80001,0.83947,0.33916,0.04582,0.21854,1.57059,Middle East and Northern Africa,93,5.129,1.12268,0.64184,0.76171,0.26228,0.030610000000000002,0.23693000000000003,2.0733900000000003,Middle East and Northern Africa,88,5.224999905,1.0749875309999999,1.129624248,0.735081077,0.288515985,0.264450759,0.03751383,1.695073843
73,Liberia,Sub-Saharan Africa,116,4.571000000000001,0.0712,0.78968,0.34201,0.28531,0.06232000000000001,0.24361999999999998,2.7772900000000003,Sub-Saharan Africa,150,3.622,0.10705999999999999,0.50353,0.23165,0.25748000000000004,0.04852,0.24063,2.23284,Sub-Saharan Africa,148,3.5329999919999997,0.119041793,0.8721179370000001,0.229918197,0.332881182,0.266549885,0.038948249,1.673285961
74,Libya,Middle East and Northern Africa,63,5.754,1.13145,1.1186200000000002,0.7038,0.41668,0.11023,0.18295,2.0906599999999997,Middle East and Northern Africa,67,5.615,1.0668799999999998,0.95076,0.52304,0.40671999999999997,0.10339000000000001,0.17087,2.39374,Middle East and Northern Africa,68,5.525000095,1.101803064,1.35756433,0.52016902,0.46573323,0.152073666,0.09261021,1.8350112440000002
75,Lithuania,Central and Eastern Europe,56,5.832999999999999,1.14723,1.25745,0.73128,0.21341999999999997,0.01031,0.026410000000000003,2.4464900000000003,Central and Eastern Europe,60,5.813,1.2692,1.0641100000000001,0.64674,0.18929,0.0182,0.02025,2.60525,Central and Eastern Europe,52,5.90199995,1.314582348,1.4735161069999998,0.62894994,0.234231785,0.010164656999999999,0.011865643,2.228440523
76,Luxembourg,Western Europe,17,6.946000000000001,1.5639100000000001,1.21963,0.91894,0.61583,0.37798000000000004,0.28034000000000003,1.9696099999999999,Western Europe,20,6.871,1.6975200000000001,1.03999,0.8454200000000001,0.5487,0.35329,0.27571,2.11055,Western Europe,18,6.862999916000001,1.7419435980000002,1.457583666,0.845089495,0.596627891,0.28318098199999997,0.318834424,1.6195120809999999
77,Macedonia,Central and Eastern Europe,93,5.007,0.91851,1.00232,0.73545,0.33457,0.053270000000000005,0.22359,1.7393299999999998,Central and Eastern Europe,95,5.121,1.0193,0.78236,0.6473800000000001,0.27668000000000004,0.07047,0.23506999999999997,2.08947,Central and Eastern Europe,92,5.1750001910000005,1.0645779370000001,1.2078930140000002,0.644948184,0.325905979,0.253760964,0.060277794,1.617469311
78,Madagascar,Sub-Saharan Africa,147,3.681,0.20824,0.66801,0.46721,0.19184,0.08123999999999999,0.21333000000000002,1.851,Sub-Saharan Africa,148,3.695,0.27954,0.46115,0.37109000000000003,0.13684000000000002,0.07506,0.2204,2.15075,Sub-Saharan Africa,144,3.644000053,0.305808693,0.9130203720000001,0.375223309,0.189196765,0.20873253,0.067231975,1.584612608
79,Malawi,Sub-Saharan Africa,131,4.292,0.016040000000000002,0.41134,0.22562,0.43054,0.06977,0.33128,2.8079099999999997,Sub-Saharan Africa,132,4.156000000000001,0.08709,0.147,0.29364,0.4143,0.07564,0.30968,2.82859,Sub-Saharan Africa,136,3.970000029,0.23344203800000002,0.5125688310000001,0.315089583,0.466914654,0.28717047,0.072711654,2.0817861559999997
80,Malaysia,Southeastern Asia,61,5.77,1.12486,1.07023,0.7239399999999999,0.5302399999999999,0.10500999999999999,0.33075,1.8854099999999998,Southeastern Asia,47,6.005,1.25142,0.88025,0.62366,0.39031,0.09081,0.41473999999999994,2.35384,Southeastern Asia,42,6.084000111,1.29121542,1.284646034,0.618784428,0.40226498200000005,0.41660893,0.065600708,2.004448891
81,Mali,Sub-Saharan Africa,138,3.995,0.26074,1.03526,0.20583,0.38856999999999997,0.12352,0.18798,1.79293,Sub-Saharan Africa,135,4.073,0.31292,0.8633299999999999,0.16347,0.27544,0.13647,0.21064000000000002,2.1108700000000002,Sub-Saharan Africa,127,4.190000057,0.476180494,1.281473398,0.169365674,0.306613743,0.183354199,0.10497024699999999,1.668190956
82,Malta,Western Europe,37,6.3020000000000005,1.2074,1.30203,0.88721,0.60365,0.13585999999999998,0.51752,1.6488,Western Europe,30,6.4879999999999995,1.30782,1.09879,0.80315,0.54994,0.17554,0.56237,1.99032,Western Europe,27,6.52699995,1.343279839,1.488411665,0.8219442370000001,0.588767052,0.574730575,0.153066069,1.556862831
83,Mauritania,Sub-Saharan Africa,124,4.436,0.45407,0.86908,0.35874,0.24231999999999998,0.17461,0.21899999999999997,2.11773,Sub-Saharan Africa,130,4.2010000000000005,0.6139100000000001,0.8414200000000001,0.28639000000000003,0.1268,0.17955,0.22685999999999998,1.9263,Sub-Saharan Africa,123,4.291999817,0.648457289,1.27203083,0.28534928,0.09609804300000001,0.20187002399999998,0.136957005,1.651637316
84,Mauritius,Sub-Saharan Africa,71,5.477,1.0076100000000001,0.98521,0.7095,0.56066,0.07521,0.37744,1.76145,Sub-Saharan Africa,66,5.648,1.14372,0.75695,0.66189,0.46145,0.05202999999999999,0.36951,2.20223,Sub-Saharan Africa,64,5.629000187000001,1.189395547,1.20956099,0.638007462,0.49124732600000004,0.360933751,0.042181555,1.697583914
85,Mexico,Latin America and Caribbean,14,7.187,1.02054,0.91451,0.8144399999999999,0.48181,0.21311999999999998,0.14074,3.6021400000000003,Latin America and Caribbean,21,6.778,1.1150799999999998,0.7146,0.71143,0.37709000000000004,0.18355,0.11735,3.5590599999999997,Latin America and Caribbean,25,6.578000069,1.153183818,1.21086216,0.709978998,0.412730008,0.12099043300000001,0.132774115,2.837154865
86,Moldova,Central and Eastern Europe,52,5.888999999999999,0.59448,1.01528,0.61826,0.32818,0.01615,0.20951,3.10712,Central and Eastern Europe,55,5.897,0.69177,0.8313200000000001,0.5230899999999999,0.25201999999999997,0.019030000000000002,0.19997,3.38007,Central and Eastern Europe,56,5.837999821,0.72887063,1.251825571,0.589465201,0.24072904899999997,0.208779126,0.010091286,2.807808399
87,Mongolia,Eastern Asia,100,4.874,0.82819,1.3006,0.60268,0.43626000000000004,0.026660000000000003,0.3323,1.34759,Eastern Asia,101,4.907,0.9885299999999999,1.0898299999999999,0.55469,0.35972,0.03285,0.34539000000000003,1.53586,Eastern Asia,100,4.954999924,1.0272358659999998,1.4930112359999999,0.557783484,0.394143969,0.33846423,0.032902289,1.111292362
88,Montenegro,Central and Eastern Europe,82,5.192,0.9743799999999999,0.9055700000000001,0.72521,0.1826,0.14296,0.1614,2.10017,Central and Eastern Europe,88,5.1610000000000005,1.07838,0.74173,0.6353300000000001,0.15111,0.12721,0.17190999999999998,2.2553099999999997,Central and Eastern Europe,83,5.236999989,1.121129036,1.238376498,0.667464674,0.194989055,0.197911024,0.088174194,1.729191542
89,Morocco,Middle East and Northern Africa,92,5.013,0.7347899999999999,0.64095,0.60954,0.41691000000000006,0.08546000000000001,0.07172,2.4537299999999997,Middle East and Northern Africa,90,5.151,0.8405799999999999,0.38595,0.5947100000000001,0.25645999999999997,0.08404,0.040530000000000004,2.9489099999999997,Middle East and Northern Africa,84,5.235000134,0.878114581,0.774864435,0.597710669,0.408158332,0.032209955,0.08776318300000001,2.456189394
90,Myanmar,Southeastern Asia,129,4.3069999999999995,0.27108000000000004,0.70905,0.48246000000000006,0.44017,0.19034,0.79588,1.41805,Southeastern Asia,119,4.395,0.34112,0.69981,0.3988,0.42691999999999997,0.20243,0.81971,1.50655,Southeastern Asia,114,4.545000076,0.36711055,1.123235941,0.397522569,0.514492035,0.8380751609999999,0.188816205,1.115290403
91,Nepal,Southern Asia,121,4.513999999999999,0.35996999999999996,0.86449,0.5687399999999999,0.38282,0.059070000000000004,0.32295999999999997,1.9563700000000002,Southern Asia,107,4.793,0.44626000000000005,0.69699,0.50073,0.37012,0.07007999999999999,0.3816,2.32694,Southern Asia,99,4.961999893,0.47982019200000003,1.179283261,0.504130781,0.44030594799999995,0.394096166,0.072975546,1.891241074
92,Netherlands,Western Europe,7,7.377999999999999,1.32944,1.28017,0.89284,0.6157600000000001,0.31814000000000003,0.4761,2.4657,Western Europe,7,7.3389999999999995,1.46468,1.02912,0.8123100000000001,0.55211,0.29927,0.47416,2.70749,Western Europe,6,7.376999855,1.503944635,1.4289392230000002,0.810696125,0.585384488,0.47048983,0.282661825,2.294804096
93,New Zealand,Australia and New Zealand,9,7.2860000000000005,1.2501799999999998,1.3196700000000001,0.9083700000000001,0.6393800000000001,0.42922,0.47501000000000004,2.26425,Australia and New Zealand,8,7.334,1.36066,1.17278,0.83096,0.5814699999999999,0.41903999999999997,0.49401000000000006,2.47553,Australia and New Zealand,8,7.31400013,1.405706048,1.548195124,0.8167597059999999,0.61406213,0.500005126,0.382816702,2.046456337
94,Nicaragua,Latin America and Caribbean,57,5.827999999999999,0.59325,1.14184,0.7431399999999999,0.55475,0.19317,0.27815,2.32407,Latin America and Caribbean,48,5.992000000000001,0.69384,0.8952100000000001,0.65213,0.46581999999999996,0.16292,0.29773,2.82428,Latin America and Caribbean,43,6.071000099,0.737299204,1.28721571,0.653095961,0.447551847,0.30167421699999997,0.13068798199999998,2.513930559
95,Niger,Sub-Saharan Africa,144,3.845,0.0694,0.77265,0.29707,0.47691999999999996,0.15639,0.19387000000000001,1.87877,Sub-Saharan Africa,142,3.8560000000000003,0.1327,0.6053,0.26161999999999996,0.38040999999999997,0.17176,0.2097,2.09469,Sub-Saharan Africa,135,4.027999878,0.161925331,0.993025005,0.268505007,0.363658696,0.22867384600000001,0.138572946,1.8739833830000001
96,Nigeria,Sub-Saharan Africa,78,5.268,0.65435,0.9043200000000001,0.16007000000000002,0.34334000000000003,0.0403,0.27233,2.89319,Sub-Saharan Africa,103,4.875,0.75216,0.64498,0.05108,0.27854,0.0305,0.23219,2.8858599999999996,Sub-Saharan Africa,95,5.073999882,0.783756256,1.215770483,0.05691573,0.394952565,0.23094719600000002,0.026121566000000002,2.365390539
97,North Cyprus,Western Europe,66,5.695,1.2080600000000001,1.07008,0.92356,0.49027,0.1428,0.26169000000000003,1.5988799999999999,Western Europe,62,5.771,1.31141,0.81826,0.8414200000000001,0.43596,0.16577999999999998,0.26322,1.9344700000000001,Western Europe,61,5.809999942999999,1.346911311,1.186303377,0.834647238,0.471203625,0.266845703,0.155353352,1.549157619
98,Norway,Western Europe,4,7.522,1.459,1.33095,0.88521,0.66973,0.36503,0.34699,2.4653099999999997,Western Europe,4,7.497999999999999,1.57744,1.1269,0.79579,0.59609,0.35775999999999997,0.37895,2.66465,Western Europe,1,7.537000179,1.616463184,1.53352356,0.796666503,0.635422587,0.362012237,0.315963835,2.277026653
99,Pakistan,Southern Asia,81,5.194,0.59543,0.41411000000000003,0.51466,0.12102,0.10464000000000001,0.33671,3.1070900000000004,Southern Asia,92,5.132000000000001,0.68816,0.26135,0.40306,0.14622000000000002,0.1388,0.31185,3.18286,Southern Asia,80,5.269000053,0.7268835309999999,0.67269069,0.402047783,0.23521526199999998,0.31544601899999997,0.12434806699999999,2.79248929
100,Palestinian Territories,Middle East and Northern Africa,108,4.715,0.59867,0.92558,0.66015,0.24499,0.12905,0.11250999999999999,2.0438400000000003,Middle East and Northern Africa,108,4.754,0.67024,0.71629,0.56844,0.17744000000000001,0.10613,0.11154000000000001,2.40364,Middle East and Northern Africa,103,4.775000095,0.716249228,1.1556471590000001,0.565666974,0.254711062,0.114173174,0.08928260199999999,1.878890276
101,Panama,Latin America and Caribbean,25,6.7860000000000005,1.0635299999999999,1.1985,0.79661,0.5421,0.0927,0.24434,2.84848,Latin America and Caribbean,25,6.7010000000000005,1.18306,0.9891200000000001,0.70835,0.48927,0.08423,0.2418,3.00559,Latin America and Caribbean,30,6.452000141,1.233748436,1.373192549,0.706156135,0.550026834,0.210556939,0.070983924,2.307199955
102,Paraguay,Latin America and Caribbean,53,5.877999999999999,0.75985,1.30477,0.66098,0.53899,0.08242000000000001,0.3424,2.18896,Latin America and Caribbean,70,5.537999999999999,0.8937299999999999,1.11111,0.58295,0.46235,0.07396,0.25296,2.16091,Latin America and Caribbean,70,5.493000031,0.932537317,1.50728488,0.579250693,0.47350779200000004,0.224150658,0.09106591300000001,1.68533349
103,Peru,Latin America and Caribbean,58,5.824,0.9001899999999999,0.97459,0.73017,0.41496000000000005,0.05989,0.14982,2.5945,Latin America and Caribbean,64,5.742999999999999,0.9960200000000001,0.81255,0.6299399999999999,0.37501999999999996,0.05292,0.14527,2.73117,Latin America and Caribbean,63,5.715000152999999,1.0352252720000001,1.218770385,0.6301661129999999,0.45000287899999997,0.126819715,0.047049087,2.20726943
104,Philippines,Southeastern Asia,90,5.073,0.70532,1.03516,0.58114,0.62545,0.12279000000000001,0.24991,1.7536,Southeastern Asia,82,5.279,0.81217,0.87877,0.47036000000000006,0.5485399999999999,0.11757000000000001,0.21674000000000002,2.23484,Southeastern Asia,72,5.429999828,0.857699215,1.253917575,0.468009055,0.5852146739999999,0.19351342300000002,0.099331893,1.9726047519999999
105,Poland,Central and Eastern Europe,60,5.791,1.12555,1.27948,0.77903,0.53122,0.04212,0.16759000000000002,1.86565,Central and Eastern Europe,57,5.835,1.24585,1.04685,0.69058,0.4519,0.055,0.14443,2.20035,Central and Eastern Europe,46,5.97300005,1.291787863,1.44571197,0.699475348,0.520342112,0.15846596699999999,0.059307806,1.7977228159999998
106,Portugal,Western Europe,88,5.102,1.15991,1.13935,0.8751899999999999,0.51469,0.01078,0.13719,1.26462,Western Europe,94,5.122999999999999,1.27607,0.9436700000000001,0.7936300000000001,0.44727,0.01521,0.11690999999999999,1.53015,Western Europe,89,5.195000172,1.315175295,1.3670430180000002,0.7958435420000001,0.4984653,0.095102713,0.015869452,1.107682705
107,Qatar,Middle East and Northern Africa,28,6.611000000000001,1.69042,1.0786,0.79733,0.6404,0.52208,0.32573,1.55674,Middle East and Northern Africa,36,6.375,1.82427,0.87964,0.71723,0.56679,0.48049,0.32388,1.5822399999999999,Middle East and Northern Africa,35,6.375,1.870765686,1.27429688,0.710098088,0.604130983,0.33047387,0.439299256,1.14546442
108,Romania,Central and Eastern Europe,86,5.124,1.04345,0.8858799999999999,0.7689,0.35068,0.006490000000000001,0.13748,1.9312900000000002,Central and Eastern Europe,71,5.528,1.1697,0.7280300000000001,0.67602,0.36712,0.006790000000000001,0.12889,2.4518400000000002,Central and Eastern Europe,57,5.8249998089999995,1.217683911,1.15009129,0.685158312,0.45700374200000005,0.13351991800000002,0.004387901,2.176831484
109,Russia,Central and Eastern Europe,64,5.716,1.13764,1.23617,0.6692600000000001,0.36679,0.03005,0.00199,2.27394,Central and Eastern Europe,56,5.856,1.2322799999999998,1.05261,0.58991,0.32682,0.03586,0.027360000000000002,2.59115,Central and Eastern Europe,49,5.962999821,1.2817780970000001,1.469282389,0.547349334,0.37378311200000003,0.052263822,0.032962881,2.205607414
110,Rwanda,Sub-Saharan Africa,154,3.465,0.22208000000000003,0.7737,0.42863999999999997,0.59201,0.55191,0.22628,0.67042,Sub-Saharan Africa,152,3.515,0.32846,0.6158600000000001,0.31865,0.5432,0.50521,0.23551999999999998,0.96819,Sub-Saharan Africa,151,3.4709999560000004,0.368745893,0.945707023,0.326424807,0.581843853,0.252756029,0.455220014,0.540061235
111,Saudi Arabia,Middle East and Northern Africa,35,6.4110000000000005,1.39541,1.0839299999999998,0.72025,0.31048000000000003,0.32524000000000003,0.13706,2.43872,Middle East and Northern Africa,34,6.379,1.48953,0.84829,0.59267,0.37904,0.30008,0.15457,2.61482,Middle East and Northern Africa,37,6.343999863,1.530623555,1.2866775990000001,0.59014833,0.449750572,0.14761601400000002,0.273432255,2.065429688
112,Senegal,Sub-Saharan Africa,142,3.904,0.36498,0.97619,0.4354,0.36772,0.10712999999999999,0.20843000000000003,1.44395,Sub-Saharan Africa,128,4.218999999999999,0.44314,0.7741600000000001,0.40457,0.31056,0.11681,0.19103,1.9786099999999998,Sub-Saharan Africa,115,4.534999847,0.47930902200000003,1.179691911,0.40936285299999997,0.37792226700000003,0.183468893,0.11546044800000001,1.789646149
113,Serbia,Central and Eastern Europe,87,5.122999999999999,0.92053,1.0096399999999999,0.74836,0.20107,0.02617,0.19230999999999998,2.025,Central and Eastern Europe,86,5.1770000000000005,1.03437,0.81329,0.6458,0.15718,0.04339,0.20736999999999997,2.2753900000000002,Central and Eastern Europe,73,5.394999981000001,1.069317579,1.258189797,0.650784671,0.208715528,0.220125884,0.040903781,1.9470844269999998
114,Sierra Leone,Sub-Saharan Africa,123,4.507,0.33024000000000003,0.9557100000000001,0.0,0.4084,0.08786000000000001,0.21488000000000002,2.51009,Sub-Saharan Africa,111,4.635,0.36485,0.628,0.0,0.30685,0.08196,0.23897,3.01402,Sub-Saharan Africa,106,4.709000111,0.368420929,0.984136045,0.005564754,0.318697691,0.293040901,0.071095176,2.668459892
115,Singapore,Southeastern Asia,24,6.797999999999999,1.52186,1.02,1.02525,0.54252,0.4921,0.31105,1.8850099999999999,Southeastern Asia,22,6.739,1.64555,0.8675799999999999,0.94719,0.4877,0.46986999999999995,0.32706,1.99375,Southeastern Asia,26,6.5720000270000005,1.69227767,1.3538143630000001,0.949492395,0.549840569,0.34596598100000003,0.464307785,1.2163620000000002
116,Slovakia,Central and Eastern Europe,45,5.995,1.1689100000000001,1.26999,0.7890199999999999,0.31751,0.03431,0.16893,2.2463900000000003,Central and Eastern Europe,45,6.077999999999999,1.27973,1.0826799999999999,0.70367,0.23390999999999998,0.02947,0.13837,2.61065,Central and Eastern Europe,40,6.09800005,1.325393558,1.505059242,0.7127329109999999,0.295817465,0.136544481,0.024210852,2.0977766509999998
117,Slovenia,Central and Eastern Europe,55,5.848,1.18498,1.27385,0.8733700000000001,0.60855,0.03787,0.25328,1.6158299999999999,Central and Eastern Europe,63,5.768,1.2994700000000001,1.05613,0.79151,0.53164,0.03635,0.25738,1.79522,Central and Eastern Europe,62,5.757999897,1.341205955,1.452518821,0.790828228,0.572575808,0.242649093,0.04512897900000001,1.3133172990000002
118,South Africa,Sub-Saharan Africa,113,4.6419999999999995,0.9204899999999999,1.18468,0.27688,0.33207,0.08884,0.11972999999999999,1.7195599999999998,Sub-Saharan Africa,116,4.459,1.02416,0.9605299999999999,0.18611,0.42483000000000004,0.08415,0.13656,1.6422700000000001,Sub-Saharan Africa,101,4.828999996,1.054698706,1.3847886319999998,0.18708007,0.479246736,0.13936238,0.072509497,1.5109086040000002
119,South Korea,Eastern Asia,47,5.984,1.24461,0.9577399999999999,0.9653799999999999,0.33208000000000004,0.07857,0.18557,2.21978,Eastern Asia,57,5.835,1.35948,0.7219399999999999,0.88645,0.25168,0.07716,0.18824000000000002,2.35015,Eastern Asia,55,5.837999821,1.4016784430000002,1.1282744409999999,0.9002140759999999,0.257921666,0.206674367,0.063282669,1.880378008
120,Spain,Western Europe,36,6.329,1.23011,1.31379,0.95562,0.45951000000000003,0.06398,0.18227000000000002,2.12367,Western Europe,37,6.361000000000001,1.34253,1.12945,0.8789600000000001,0.37545,0.06137000000000001,0.17665,2.39663,Western Europe,34,6.402999877999999,1.384397864,1.532090902,0.8889606,0.40878123,0.190133572,0.070914097,1.92775774
121,Sri Lanka,Southern Asia,132,4.271,0.83524,1.01905,0.70806,0.5372600000000001,0.09179,0.40828000000000003,0.67108,Southern Asia,117,4.415,0.9731799999999999,0.84783,0.62007,0.50817,0.07964,0.46978000000000003,0.91681,Southern Asia,120,4.440000057,1.009850144,1.259976387,0.6251308320000001,0.561213255,0.49086356200000003,0.073653966,0.419389248
122,Sudan,Sub-Saharan Africa,118,4.55,0.52107,1.01404,0.36878,0.10081,0.1466,0.19062,2.20857,Sub-Saharan Africa,133,4.138999999999999,0.63069,0.8192799999999999,0.29759,0.0,0.10039,0.18077000000000001,2.10995,Sub-Saharan Africa,130,4.138999939,0.6595166920000001,1.21400857,0.29092082399999997,0.014995855,0.18231745100000002,0.08984752,1.68706584
123,Sweden,Western Europe,8,7.364,1.33171,1.2890700000000002,0.9108700000000001,0.6598,0.43843999999999994,0.36262,2.3711900000000004,Western Europe,10,7.291,1.45181,1.08764,0.83121,0.58218,0.40867,0.38254,2.54734,Western Europe,9,7.28399992,1.494387269,1.478162169,0.830875158,0.612924099,0.385399252,0.384398729,2.097537994
124,Switzerland,Western Europe,1,7.587000000000001,1.3965100000000001,1.34951,0.9414299999999999,0.66557,0.41978000000000004,0.29678000000000004,2.5173799999999997,Western Europe,2,7.5089999999999995,1.5273299999999999,1.14524,0.86303,0.58557,0.41203,0.28083,2.69463,Western Europe,4,7.493999958,1.5649795530000001,1.516911745,0.858131289,0.620070577,0.290549278,0.367007285,2.276716232
125,Syria,Middle East and Northern Africa,156,3.0060000000000002,0.6632,0.47489,0.7219300000000001,0.15684,0.18905999999999998,0.47179,0.32858000000000004,Middle East and Northern Africa,156,3.069,0.7471899999999999,0.14866,0.6299399999999999,0.06912,0.17232999999999998,0.48396999999999996,0.81789,Middle East and Northern Africa,152,3.461999893,0.7771531340000001,0.39610260700000005,0.500533342,0.081539445,0.49366372799999997,0.151347131,1.061573505
126,Taiwan,Eastern Asia,38,6.297999999999999,1.29098,1.07617,0.8753,0.3974,0.08129,0.25376,2.32323,Eastern Asia,34,6.379,1.39729,0.92624,0.79565,0.32377,0.0663,0.25495,2.61523,Eastern Asia,33,6.421999931,1.4336265330000002,1.3845653530000002,0.7939842340000001,0.361466587,0.258360475,0.063829236,2.1266074180000003
127,Tajikistan,Central and Eastern Europe,106,4.7860000000000005,0.39047,0.8556299999999999,0.5737899999999999,0.47216,0.15072,0.22974,2.1139900000000003,Central and Eastern Europe,100,4.996,0.48835,0.75602,0.5311899999999999,0.43408,0.13509000000000002,0.25998000000000004,2.39106,Central and Eastern Europe,96,5.040999889,0.524713635,1.271463275,0.529235125,0.47156670700000003,0.248997644,0.14637714599999999,1.84904933
128,Tanzania,Sub-Saharan Africa,146,3.781,0.2852,1.00268,0.38215,0.32878,0.05747000000000001,0.34376999999999996,1.38079,Sub-Saharan Africa,149,3.6660000000000004,0.47155,0.77623,0.35700000000000004,0.3176,0.05099,0.31472,1.3776899999999999,Sub-Saharan Africa,153,3.348999977,0.511135876,1.0419898029999999,0.364509284,0.390017778,0.35425636200000005,0.066035107,0.621130466
129,Thailand,Southeastern Asia,34,6.455,0.9669,1.26504,0.7385,0.5566399999999999,0.031869999999999996,0.5763,2.31945,Southeastern Asia,33,6.474,1.0893,1.04477,0.64915,0.49553,0.02833,0.58696,2.5796,Southeastern Asia,32,6.423999786,1.127868772,1.425792456,0.647239029,0.580200732,0.57212311,0.031612735,2.039508343
130,Togo,Sub-Saharan Africa,158,2.839,0.20868,0.13995,0.28443,0.36453,0.10730999999999999,0.16680999999999999,1.56726,Sub-Saharan Africa,155,3.303,0.28123000000000004,0.0,0.24811,0.34678000000000003,0.11587,0.17517,2.1354,Sub-Saharan Africa,150,3.4949998860000004,0.305444717,0.43188253,0.247105569,0.380426139,0.19689615100000002,0.095665015,1.837229252
131,Trinidad and Tobago,Latin America and Caribbean,41,6.167999999999999,1.21183,1.18354,0.61483,0.55884,0.0114,0.31844,2.2688200000000003,Latin America and Caribbean,43,6.167999999999999,1.32572,0.98569,0.52608,0.48453,0.01241,0.31935,2.5139400000000003,Latin America and Caribbean,38,6.168000221000001,1.361355901,1.380228519,0.519983292,0.518630743,0.325296462,0.008964816,2.053247452
132,Tunisia,Middle East and Northern Africa,107,4.739,0.88113,0.60429,0.73793,0.26268,0.06358,0.06431,2.12466,Middle East and Northern Africa,98,5.045,0.97724,0.43165,0.59577,0.23553000000000002,0.0817,0.03936,2.68413,Middle East and Northern Africa,102,4.804999828,1.007265806,0.86835146,0.613212049,0.28968069,0.049693357,0.086723149,1.89025116
133,Turkey,Middle East and Northern Africa,76,5.332000000000001,1.06098,0.94632,0.73172,0.22815,0.15746,0.12253,2.08528,Middle East and Northern Africa,78,5.388999999999999,1.1649200000000002,0.8771700000000001,0.64718,0.23889000000000002,0.12347999999999999,0.04707,2.29074,Middle East and Northern Africa,69,5.5,1.1982743740000001,1.337753177,0.637605608,0.30074059999999997,0.046693042000000004,0.09967158,1.879277945
134,Turkmenistan,Central and Eastern Europe,70,5.547999999999999,0.95847,1.22668,0.53886,0.4761,0.30844,0.16979,1.8698400000000002,Central and Eastern Europe,65,5.6579999999999995,1.08017,1.03817,0.44006000000000006,0.37408,0.28467,0.22566999999999998,2.21489,Central and Eastern Europe,59,5.8220000270000005,1.130776763,1.4931491609999998,0.43772608,0.418271929,0.24992498800000001,0.25927034,1.832909822
135,Uganda,Sub-Saharan Africa,141,3.931,0.21101999999999999,1.13299,0.33860999999999997,0.45726999999999995,0.07267,0.29066,1.42766,Sub-Saharan Africa,145,3.739,0.34719,0.90981,0.19625,0.43653000000000003,0.06442,0.27102,1.51416,Sub-Saharan Africa,133,4.0809998510000005,0.381430715,1.129827738,0.217632607,0.443185955,0.325766057,0.057069719000000005,1.526362658
136,Ukraine,Central and Eastern Europe,111,4.681,0.79907,1.20278,0.6739,0.25123,0.02961,0.15275,1.5714,Central and Eastern Europe,123,4.324,0.87287,1.01413,0.58628,0.12859,0.01829,0.20363,1.50066,Central and Eastern Europe,132,4.096000195,0.8946519490000001,1.394537568,0.575903952,0.122974776,0.270061463,0.023029471,0.814382315
137,United Arab Emirates,Middle East and Northern Africa,20,6.901,1.42727,1.12575,0.80925,0.64157,0.38583,0.26428,2.24743,Middle East and Northern Africa,28,6.5729999999999995,1.57352,0.8711399999999999,0.72993,0.56215,0.35561,0.26591,2.21507,Middle East and Northern Africa,21,6.647999763,1.626343369,1.2664102320000001,0.7267982359999999,0.60834527,0.36094194700000004,0.324489564,1.734703541
138,United Kingdom,Western Europe,21,6.867000000000001,1.26637,1.28548,0.90943,0.59625,0.32066999999999996,0.51912,1.9699400000000002,Western Europe,23,6.725,1.40283,1.0867200000000001,0.80991,0.50036,0.27399,0.50156,2.1499900000000003,Western Europe,19,6.714000225,1.44163394,1.49646008,0.8053359390000001,0.508190036,0.492774159,0.265428066,1.704143524
139,United States,North America,15,7.119,1.3945100000000001,1.24711,0.86179,0.54604,0.1589,0.40105,2.51011,North America,13,7.104,1.50796,1.04782,0.779,0.48163,0.14868,0.41076999999999997,2.72782,North America,14,6.993000031,1.546259284,1.419920564,0.7742866279999999,0.5057405229999999,0.392578781,0.135638788,2.218113422
140,Uruguay,Latin America and Caribbean,32,6.485,1.06166,1.2089,0.8116,0.6036199999999999,0.24558000000000002,0.2324,2.3214200000000003,Latin America and Caribbean,29,6.545,1.18157,1.0314299999999998,0.72183,0.54388,0.21394000000000002,0.18056,2.67139,Latin America and Caribbean,28,6.453999996,1.217559695,1.412227869,0.7192168240000001,0.5793922539999999,0.17509692899999998,0.178061873,2.1724095340000003
141,Uzbekistan,Central and Eastern Europe,44,6.002999999999999,0.63244,1.34043,0.59772,0.6582100000000001,0.30826,0.22837,2.2374099999999997,Central and Eastern Europe,49,5.987,0.7359100000000001,1.1681,0.50163,0.60848,0.28333,0.34326,2.34638,Central and Eastern Europe,47,5.971000195,0.786441088,1.54896915,0.498272628,0.658248663,0.415983647,0.24652822300000002,1.816913605
142,Venezuela,Latin America and Caribbean,23,6.81,1.04424,1.25596,0.7205199999999999,0.42908,0.11069000000000001,0.058410000000000004,3.1913099999999996,Latin America and Caribbean,44,6.084,1.1336700000000002,1.03302,0.6190399999999999,0.19847,0.08304,0.0425,2.9746799999999998,Latin America and Caribbean,82,5.25,1.128431201,1.431337595,0.617144227,0.153997123,0.06501963,0.064491123,1.7894637580000001
143,Vietnam,Southeastern Asia,75,5.36,0.63216,0.9122600000000001,0.7467600000000001,0.59444,0.10440999999999999,0.1686,2.20173,Southeastern Asia,96,5.061,0.74037,0.7911699999999999,0.66157,0.5595399999999999,0.11556,0.25075,1.9418,Southeastern Asia,94,5.073999882,0.788547575,1.277491331,0.652168989,0.571055591,0.234968051,0.08763323699999999,1.4623186590000001
144,Yemen,Middle East and Northern Africa,136,4.077,0.5464899999999999,0.68093,0.40064,0.35570999999999997,0.07854,0.09131,1.92313,Middle East and Northern Africa,147,3.7239999999999998,0.57939,0.47493,0.31048000000000003,0.2287,0.05892000000000001,0.09821,1.97295,Middle East and Northern Africa,146,3.592999935,0.5916834470000001,0.9353822470000001,0.31008091600000004,0.249463722,0.10412520900000001,0.056767423,1.345600605
145,Zambia,Sub-Saharan Africa,85,5.129,0.47038,0.91612,0.29924,0.48827,0.12468,0.19591,2.6343,Sub-Saharan Africa,106,4.795,0.61202,0.6376,0.23573000000000002,0.42662,0.11479,0.17865999999999999,2.5899099999999997,Sub-Saharan Africa,116,4.513999939,0.636406779,1.0031872990000001,0.257835895,0.461603492,0.249580145,0.07821355,1.826705456
146,Zimbabwe,Sub-Saharan Africa,115,4.61,0.271,1.0327600000000001,0.33475,0.25861,0.08079,0.18987,2.44191,Sub-Saharan Africa,131,4.1930000000000005,0.35041,0.71478,0.1595,0.25429,0.08582000000000001,0.18503,2.4427,Sub-Saharan Africa,138,3.875,0.375846535,1.083095908,0.19676375399999999,0.33638420700000005,0.189143494,0.095375381,1.597970247
